id,tag,evt_code,evt_txt,evt_id,evt_dt,evt_threshold,code
1,1,1,单体电池低压告警,"最小电压ID,U16,1,0,","最小电压,U16,0.0001,0,V","门限电压,U16,0.0001,0,V",
2,1,2,单体电池低压故障,"最小电压ID,U16,1,0,","最小电压,U16,0.0001,0,V","门限电压,U16,0.0001,0,V",
3,1,3,单体电池过压告警,"最大电压ID,U16,1,0,","最大电压,U16,0.0001,0,V","门限电压,U16,0.0001,0,V",
4,1,4,单体电池过压故障,"最大电压ID,U16,1,0,","最大电压,U16,0.0001,0,V","门限电压,U16,0.0001,0,V",
5,1,5,单体压差告警,"最大/最小电压ID,U16,1,0,","电压压差,U16,0.0001,0,V","门限电压,U16,0.0001,0,V",
6,1,6,单体压差故障,"最大/最小电压ID,U16,1,0,","电压压差,U16,0.0001,0,V","门限电压,U16,0.0001,0,V",
7,1,7,单体电压采样线断线告警,"断线ID号,U16,1,0,","单体电压,U16,0.0001,0,V",,
8,1,8,单体电池故障复归,"单体电池ID,U16,1,0,","单体电压,U16,0.0001,0,V",,
9,1,9,模组过温告警,"最大温度ID,U16,1,0,","最大温度,I16,0.1,0,℃","门限温度,I16,0.1,0,℃",
10,1,10,模组过温故障,"最大温度ID,U16,1,0,","最大温度,I16,0.1,0,℃","门限温度,I16,0.1,0,℃",
11,1,11,模组低温告警,"最小温度ID,U16,1,0,","最小温度,I16,0.1,0,℃",,
12,1,12,模组低温故障,"最小温度ID,U16,1,0,","最小温度,I16,0.1,0,℃",,
13,1,13,模组温差告警,"最大/最小温度ID,U16,1,0,","温度差值,I16,0.1,0,℃",,
14,1,14,模组温差故障,"最大/最小温度ID,U16,1,0,","温度差值,I16,0.1,0,℃",,
15,1,15,模组温升告警,"最大温升ID,U16,1,0,","最大温升,I16,0.1,0,℃",,
16,1,16,模组温升故障,"最大温升ID,U16,1,0,","最大温升,I16,0.1,0,℃",,
17,1,17,模组温度采样线断线告警,"模组温度断线ID,U16,1,0,","模组温度,I16,0.1,0,℃",,
18,1,18,模组温度复归,"模组温度ID,U16,1,0,","模组温度,I16,0.1,0,℃",,
19,1,19,极柱过温告警,"最大极柱温度ID,U16,1,0,","最大极柱温度,I16,0.1,0,℃",,
20,1,20,极柱过温故障,"最大极柱温度ID,U16,1,0,","最大极柱温度,I16,0.1,0,℃",,
21,1,21,极柱故障复归,"极柱温度ID,U16,1,0,","极柱温度,I16,0.1,0,℃",,
22,1,22,过流告警,,"电流,I16,0.1,0,A",,
23,1,23,过流故障,,"电流,I16,0.1,0,A",,
24,1,24,过流复归,,"电流,I16,0.1,0,A",,
25,1,25,短路故障,,"电流,I16,0.1,0,A",,
26,1,26,电池串过压告警,,"簇电压,U16,0.1,0,V",,
27,1,27,电池串过压故障,,"簇电压,U16,0.1,0,V",,
28,1,28,电池串低压告警,,"簇电压,U16,0.1,0,V",,
29,1,29,电池串低压故障,,"簇电压,U16,0.1,0,V",,
30,1,30,电池串故障复归,,"簇电压,U16,0.1,0,V",,
31,1,31,电池串绝缘故障,,"绝缘电阻,U16,1,0,kΩ",,
32,1,32,电池串绝缘故障复归,,"绝缘电阻,U16,1,0,kΩ",,
33,1,33,电池串漏电流故障,,"漏电流,U16,1,0,mA",,
34,1,34,电池串漏电流故障复归,,"漏电流,U16,1,0,mA",,
35,1,35,开始充电,"SOC,U16,1,0,%","电流,I16,0.1,0,A",,
36,1,36,停止充电,"SOC,U16,1,0,%","系统状态,U16,1,0,",,
37,1,37,开始放电,"SOC,U16,1,0,%","电流,I16,0.1,0,A",,
38,1,38,停止放电,"SOC,U16,1,0,%","系统状态,U16,1,0,",,
39,1,39,电池充满,"SOC,U16,1,0,%","系统状态,U16,1,0,",,
40,1,40,电池放空,"SOC,U16,1,0,%","系统状态,U16,1,0,",,
41,1,41,均衡启动,"均衡ID,U16,1,0,","均衡状态,U16,1,0,",,
42,1,42,均衡关闭,"均衡ID,U16,1,0,","均衡状态,U16,1,0,",,
43,1,43,QF分闸,,"QF状态,U16,1,0,",,
44,1,44,KM+分闸,,"KM+状态,U16,1,0,",,
45,1,45,KM-分闸,,"KM-状态,U16,1,0,",,
46,1,46,KM+合闸,,"KM+状态,U16,1,0,",,
47,1,47,KM-合闸,,"KM-状态,U16,1,0,",,
48,1,48,开风机,,"风机状态,U16,1,0,",,
49,1,49,关风机,,"风机状态,U16,1,0,",,
50,1,50,BMS启动,,,,
51,1,51,配置改变,"配置参数ID,U16,1,0,","参数值,U16,1,0,",,
52,1,52,CMU升级校验失败,,,,
53,1,53,CMU升级成功,,"CMU版本号,U16,1,0,",,
54,1,54,CMU升级下载失败,,"故障代码,U16,1,0,",,
55,1,55,BMU升级,,,,
56,1,56,BMU升级成功,,"BMU版本号,U16,1,0,",,
57,1,57,BMU升级失败,,"故障代码,U16,1,0,",,
58,1,58,BMU掉线,"掉线的BMUID,U16,1,0,",,,
59,1,59,CCU通讯故障,,,,
60,1,60,RTU通讯故障,,,,
61,1,61,单体电压断线复归,,,,
62,1,62,温度断线复归,,,,
63,1,63,簇极柱高温保护,,"最大极柱温度,U16,1,0,℃",,
64,1,64,簇极柱高温告警,,"最大极柱温度,U16,1,0,℃",,
65,1,65,簇极柱断线告警,,"温度断线状态字,U16,1,0,",,
66,1,66,簇极柱复归,,"模组最小/最大温度,U16,1,0,℃",,
67,1,67,QF故障(拒动),,"断路器回采状态,U16,1,0,",,
68,1,68,KM故障(拒动),,"接触器回采状态,U16,1,0,",,
69,1,69,KMR动作,"线圈ID号,U16,1,0,","KMR回采状态,U16,1,0,",,
70,1,128,烟感动作,,"DI输入状态,U16,1,0,",,
71,1,129,水浸动作,,"DI输入状态,U16,1,0,",,
72,1,130,消防动作,,"DI输入状态,U16,1,0,",,
73,1,131,急停动作,,"DI输入状态,U16,1,0,",,
74,2,1,单体电池低压告警,"最小电压ID,U16,1,0,","最小电压,U16,0.0001,0,V","门限电压,U16,0.0001,0,V",
75,2,2,单体电池低压故障,"最小电压ID,U16,1,0,","最小电压,U16,0.0001,0,V","门限电压,U16,0.0001,0,V",
76,2,3,单体电池过压告警,"最大电压ID,U16,1,0,","最大电压,U16,0.0001,0,V","门限电压,U16,0.0001,0,V",
77,2,4,单体电池过压故障,"最大电压ID,U16,1,0,","最大电压,U16,0.0001,0,V","门限电压,U16,0.0001,0,V",
78,2,5,单体压差告警(预留),,,,
79,2,6,单体压差故障(预留),,,,
80,2,7,单体电压采样线断线告警,"断线BMUID号,U16,1,0,",,"电压断线状态字,BIN,1,0,",
81,2,8,单体电池故障复归,,"单体最大电压,U16,0.0001,0,V","最小电压,U16,0.0001,0,V",
82,2,9,模组过温告警,"最大温度ID,U16,1,0,","最大温度,I16,0.1,0,℃","门限温度,I16,0.1,0,℃",
83,2,10,模组过温故障,"最大温度ID,U16,1,0,","最大温度,I16,0.1,0,℃","门限温度,I16,0.1,0,℃",
84,2,11,模组低温告警,"最小温度ID,U16,1,0,","最小温度,I16,0.1,0,℃","门限温度,I16,0.1,0,℃",
85,2,12,模组低温故障,"最小温度ID,U16,1,0,","最小温度,I16,0.1,0,℃","门限温度,I16,0.1,0,℃",
86,2,13,模组温差告警(预留),,,,
87,2,14,模组温差故障(预留),,,,
88,2,15,模组温升告警(预留),,,,
89,2,16,模组温升故障(预留),,,,
90,2,17,模组温度采样线断线告警,"断线BMU号,U16,1,0,",,"温度断线状态字,BIN,1,0,",
91,2,18,模组温度复归,,"模组最大,I16,0.1,0,℃","最小温度,I16,0.1,0,℃",
92,2,19,极柱过温告警,"最大极柱温度ID,U16,1,0,","最大极柱温度,I16,0.1,0,℃","门限温度,I16,0.1,0,℃",
93,2,20,极柱过温故障,"最大极柱温度ID,U16,1,0,","最大极柱温度,I16,0.1,0,℃","门限温度,I16,0.1,0,℃",
94,2,21,极柱故障复归,,"极柱最大温度,I16,0.1,0,℃","门限温度,I16,0.1,0,℃",
95,2,22,过流告警,,"电流值,I16,0.1,0,A","电流门限值,I16,0.1,0,A",
96,2,23,过流故障,,"电流值,I16,0.1,0,A","电流门限值,I16,0.1,0,A",
97,2,24,过流复归,,"电流值,I16,0.1,0,A","电流门限值,I16,0.1,0,A",
98,2,25,短路故障,,"电流值,I16,0.1,0,A","电流门限值,I16,0.1,0,A",
99,2,26,电池串过压告警,,"簇电压,U16,0.1,0,V","簇电压门限值,U16,0.1,0,V",
100,2,27,电池串过压故障,,"簇电压,U16,0.1,0,V","簇电压门限值,U16,0.1,0,V",
101,2,28,电池串低压告警,,"簇电压,U16,0.1,0,V","簇电压门限值,U16,0.1,0,V",
102,2,29,电池串低压故障,,"簇电压,U16,0.1,0,V","簇电压门限值,U16,0.1,0,V",
103,2,30,电池串故障复归,,"簇电压,U16,0.1,0,V","簇电压门限值,U16,0.1,0,V",
104,2,31,电池串绝缘故障,,"绝缘电阻,U16,0.1,0,kΩ","绝缘电阻门限值,U16,0.1,0,kΩ",
105,2,32,电池串绝缘故障复归,,"绝缘电阻,U16,0.1,0,kΩ","绝缘电阻门限值,U16,0.1,0,kΩ",
106,2,33,电池串漏电流故障,,"漏电流,I16,0.1,0,mA","漏电流门限值,I16,0.1,0,mA",
107,2,34,电池串漏电流故障复归,,"漏电流,I16,0.1,0,mA","漏电流门限值,I16,0.1,0,mA",
108,2,35,开始充电,"系统上次的状态,MAP","簇电流,I16,0.1,0,A","充放检测阈值,I16,0.1,0,A","{""evt_id"":{""2"":""放电"",""4"":""停机""}}"
109,2,36,停止充电,"系统上次的状态,MAP","簇电流值,I16,0.1,0,A",,{evt_id:{1:充电}}
110,2,37,开始放电,"系统上次的状态,MAP","簇电流,I16,0.1,0,A","充放检测阈值,I16,0.1,0,A","{""evt_id"":{""1"":""充电"",""4"":""停机""}}"
111,2,38,停止放电,"系统上次的状态,MAP","簇电流值,I16,0.1,0,A",,{evt_id:{2:放电}}
112,2,39,电池充满,"最大电压ID,U16,1,0,","簇电压,U16,0.1,0,V","最大单体电压,U16,0.0001,0,V",
113,2,40,电池放空,"最小电压ID,U16,1,0,","簇电压,U16,0.1,0,V","最小单体电压,U16,0.0001,0,V",
114,2,41,均衡启动(预留),,,,
115,2,42,均衡停止(预留),,,,
116,2,43,QF分闸,"线圈ID号,U16,1,0,",,"QF控制继电器状态,MAP","{""evt_threshold"":{""0"":""分位"",""1"":""合位""}}"
117,2,44,KM+分闸,"线圈ID号,U16,1,0,",,"KM+控制继电器状态,MAP","{""evt_threshold"":{""0"":""分位"",""1"":""合位""}}"
118,2,45,KM-分闸,"线圈ID号,U16,1,0,",,"KM-控制继电器状态,MAP","{""evt_threshold"":{""0"":""分位"",""1"":""合位""}}"
119,2,46,KM+合闸,"线圈ID号,U16,1,0,",,"KM+控制继电器状态,MAP","{""evt_threshold"":{""0"":""分位"",""1"":""合位""}}"
120,2,47,KM-合闸,"线圈ID号,U16,1,0,",,"KM-控制继电器状态,MAP","{""evt_threshold"":{""0"":""分位"",""1"":""合位""}}"
121,2,48,开风机,风机继电器状态,"最大电池温度,I16,0.1,0,℃","环控温度门限,I16,0.1,0,℃",
122,2,49,关风机,风机继电器状态,"最大电池温度,I16,0.1,0,℃","环控温度门限,I16,0.1,0,℃",
123,2,50,BMS启动,,,,
124,2,51,配置改变,,,,
125,2,52,CMU升级文件校验失败,,,,
126,2,53,CMU升级成功,,,,
127,2,54,CMU升级文件下载失败,,,,
128,2,55,BMU故障,"故障的BMUID,U16,1,0,",,"故障状态字,BIN,1,0,",
129,2,56,远程IO控制(Modbus)," ,MAP",," ,MAP","{""evt_id"":{""0"":""KM+"",""1"":""KM-"",""2"":""KMR"",""3"":""QF""},""evt_threshold"":{""AA55"":""合闸"",""56AA"":""分闸""}}"
130,2,57,外部硬件QF脱扣动作,,,,
131,2,58,系统AC掉电,,,,
132,2,59,BMU故障复归,"复归的BMUID,U16,1,0,",,,
133,2,60,预充失败,,"当前电流值,I16,0.1,0,A","预充电流定值,I16,0.1,0,A",
134,2,61,单体电压断线复归,"复归的BMUID,U16,1,0,",,,
135,2,62,温度断线复归,"复归的BMUID,U16,1,0,",,,
136,2,63,簇极柱高温保护,"最大极柱温度ID,U16,1,0,","最大极柱温度,I16,0.1,0,℃","门限温度,I16,0.1,0,℃",
137,2,64,簇极柱高温告警,"最大极柱温度ID,U16,1,0,","最大极柱温度,I16,0.1,0,℃","门限温度,I16,0.1,0,℃",
138,2,65,簇极柱断线告警,,,"温度断线状态字,BIN,1,0,",
139,2,66,簇极柱故障复归,,"最大极柱温度,I16,0.1,0,℃","门限温度,I16,0.1,0,℃",
140,2,67,预留,,,,
141,2,68,KM故障(拒动),"DI状态,U16,1,0,",,"DO状态,U16,1,0,",
142,2,69,KMR动作,"线圈ID号,U16,1,0,",,"KMR控制继电器状态,MAP","{""evt_threshold"":{""0"":""分位"",""1"":""合位""}}"
143,2,70,欠压自杀,"最小单体电压ID,U16,1,0,","最小单体电压,U16,0.0001,0,V","自杀门限值,U16,0.0001,0,V",
144,2,71,QF状态变位,"变位前状态,MAP",,"变位后状态,MAP","{""evt_id"":{""0"":""分位"",""1"":""合位""},""evt_threshold"":{""0"":""分位"",""1"":""合位""}}"
145,2,72,KM+状态变位,"变位前状态,MAP",,"变位后状态,MAP","{""evt_id"":{""0"":""分位"",""1"":""合位""},""evt_threshold"":{""0"":""分位"",""1"":""合位""}}"
146,2,73,KM-状态变位,"变位前状态,MAP",,"变位后状态,MAP","{""evt_id"":{""0"":""分位"",""1"":""合位""},""evt_threshold"":{""0"":""分位"",""1"":""合位""}}"
147,2,74,KMR状态变位,"变位前状态,MAP",,"变位后状态,MAP","{""evt_id"":{""0"":""分位"",""1"":""合位""},""evt_threshold"":{""0"":""分位"",""1"":""合位""}}"
148,2,128,烟感动作,,,"DI输入状态,BIN,1,0,",
149,2,129,水浸动作,,,"DI输入状态,BIN,1,0,",
150,2,130,消防动作,,,"DI输入状态,BIN,1,0,",
151,2,131,急停动作,,,"DI输入状态,BIN,1,0,",
