1,1,1,Cell UV Alarm,"Min Voltage ID,U16,1,0,","Min Voltage,U16,0.0001,0,V","Voltage Threshold,U16,0.0001,0,V",
2,1,2,Cell UV Fault,"Min Voltage ID,U16,1,0,","Min Voltage,U16,0.0001,0,V","Voltage Threshold,U16,0.0001,0,V",
3,1,3,Cell OV Alarm,"Max Voltage ID,U16,1,0,","Max Voltage,U16,0.0001,0,V","Voltage Threshold,U16,0.0001,0,V",
4,1,4,Cell OV Fault,"Max Voltage ID,U16,1,0,","Max Voltage,U16,0.0001,0,V","Voltage Threshold,U16,0.0001,0,V",
5,1,5,Cell DIff Alarm,"Max /Min Voltage ID,U16,1,0,","Voltage DIff,U16,0.0001,0,V","Voltage Threshold,U16,0.0001,0,V",
6,1,6,Cell DIff Fault,"Max /Min Voltage ID,U16,1,0,","Voltage DIff,U16,0.0001,0,V","Voltage Threshold,U16,0.0001,0,V",
7,1,7,Cell Voltage Wire-Open Alarm,"Wire-Open ID,U16,1,0,","Cell Voltage,U16,0.0001,0,V",,
8,1,8,Cell Fault Reversion,"Cell ID,U16,1,0,","Cell Voltage,U16,0.0001,0,V",,
9,1,9,Module OT Alarm,"Max Temperature ID,U16,1,0,","Max Temperature,I16,0.1,0,℃","Temperature Threshold,I16,0.1,0,℃",
10,1,10,Module OT Fault,"Max Temperature ID,U16,1,0,","Max Temperature,I16,0.1,0,℃","Temperature Threshold,I16,0.1,0,℃",
11,1,11,Module UT Alarm,"Min Temperature ID,U16,1,0,","Min Temperature,I16,0.1,0,℃",,
12,1,12,Module UT Fault,"Min Temperature ID,U16,1,0,","Min Temperature,I16,0.1,0,℃",,
13,1,13,Module Temperature Diff Alarm,"Max/Min Temperature ID,U16,1,0,","Temperature Diff,I16,0.1,0,℃",,
14,1,14,Module Temperature Diff Fault,"Max/Min Temperature ID,U16,1,0,","Temperature Diff,I16,0.1,0,℃",,
15,1,15,Module Temperature Rise Alarm,"Max Temperature Rise ID,U16,1,0,","Max Temperature Rise,I16,0.1,0,℃",,
16,1,16,Module Temperature Rise Fault,"Max Temperature Rise ID,U16,1,0,","Max Temperature Rise,I16,0.1,0,℃",,
17,1,17,Module Temperature Wire-Open Alarm,"Module Temperature Wire-Open ID,U16,1,0,","Module Temperature,I16,0.1,0,℃",,
18,1,18,Module Temperature Reversion ,"Module Temperature ID,U16,1,0,","Module Temperature,I16,0.1,0,℃",,
19,1,19,Pole OT Alarm,"Max Pole Temperature ID,U16,1,0,","Max Pole Temperature,I16,0.1,0,℃",,
20,1,20,Pole OT Fault,"Max Pole Temperature ID,U16,1,0,","Max Pole Temperature,I16,0.1,0,℃",,
21,1,21,Pole Fault Reversion,"Pole Temperature ID,U16,1,0,","Pole Temperature,I16,0.1,0,℃",,
22,1,22,OC Alarm,,"Current,I16,0.1,0,A",,
23,1,23,OC Fault,,"Current,I16,0.1,0,A",,
24,1,24,OC Reversion,,"Current,I16,0.1,0,A",,
25,1,25,Short-Circuit Fault,,"Current,I16,0.1,0,A",,
26,1,26,String OV Alarm,,"String Voltage,U16,0.1,0,V",,
27,1,27,String OV Fault,,"String Voltage,U16,0.1,0,V",,
28,1,28,String UV Alarm,,"String Voltage,U16,0.1,0,V",,
29,1,29,String UV Fault,,"String Voltage,U16,0.1,0,V",,
30,1,30,String Fault Reversion,,"String Voltage,U16,0.1,0,V",,
31,1,31,String INS Fault,,"INS RES,U16,1,0,kΩ",,
32,1,32,String INS Fault Reversion,,"INS RES,U16,1,0,kΩ",,
33,1,33,String leakage Current Fault,,"leakage Current,U16,1,0,mA",,
34,1,34,String leakage Current Fault Reversion,,"leakage Current,U16,1,0,mA",,
35,1,35,Begin CHG ,"SOC,U16,1,0,%","Current,I16,0.1,0,A",,
36,1,36,Stop CHG ,"SOC,U16,1,0,%","System status,U16,1,0,",,
37,1,37,Begin DSG ,"SOC,U16,1,0,%","Current,I16,0.1,0,A",,
38,1,38,Stop DSG ,"SOC,U16,1,0,%","System status,U16,1,0,",,
39,1,39,Battery Fully-CHG,"SOC,U16,1,0,%","System status,U16,1,0,",,
40,1,40,Battery Empty-DSG,"SOC,U16,1,0,%","System status,U16,1,0,",,
41,1,41,Balance Start,"Balance ID,U16,1,0,","Balance status,U16,1,0,",,
42,1,42,Balance Stop,"Balance ID,U16,1,0,","Balance status,U16,1,0,",,
43,1,43,QF Switch Off,,"QF status,U16,1,0,",,
44,1,44,KM+ Switch Off,,"KM+ status,U16,1,0,",,
45,1,45,KM- Switch Off,,"KM- status,U16,1,0,",,
46,1,46,KM+ Switch On,,"KM+ status,U16,1,0,",,
47,1,47,KM- Switch On,,"KM- status,U16,1,0,",,
48,1,48,Fan Turn On,,"Fan status,U16,1,0,",,
49,1,49,Fan Turn Off,,"Fan status,U16,1,0,",,
50,1,50,BMS Start Running,,,,
51,1,51,Configuration Change,"Configuration Para ID,U16,1,0,","Configuration,U16,1,0,",,
52,1,52,CMU Upgrade Verify Failed,,,,
53,1,53,CMU Upgrade Successed,,"CMU Version,U16,1,0,",,
54,1,54,CMU Upgrade Download Failed,,"Fault Code,U16,1,0,",,
55,1,55,BMU Upgrade,,,,
56,1,56,BMU Upgrade Successed,,"BMUVersion ,U16,1,0,",,
57,1,57,BMU Upgrade Failed,,"Fault Code ,U16,1,0,",,
58,1,58,BMU Disconnected,"Disconnected BMU ID,U16,1,0,",,,
59,1,59,CCU Comm Fault,,,,
60,1,60,RTU Comm Fault,,,,
61,1,61,Cell Voltage Wire-Open Reversion,,,,
62,1,62,Temperature Wire-Open Reversion,,,,
63,1,63,String Pole OT Protection,,"Max Pole Temperature,U16,1,0,℃",,
64,1,64,String Pole OT Alarm,,"Max Pole Temperature,U16,1,0,℃",,
65,1,65,String Pole Wire-Open Alarm,,"Temperature Wire-Open status,U16,1,0,",,
66,1,66,String Pole Reversion,,"Module Min /Max Temperature,U16,1,0,℃",,
67,1,67,QF Fault (Non-Act),,"Breaker Status Check,U16,1,0,",,
68,1,68,KM Fault (Non-Act),,"Conductor Status Check,U16,1,0,",,
69,1,69,KMR Action ,"coil ID,U16,1,0,","KMR Status Check status,U16,1,0,",,
70,1,128,Smoke Sensor Action,,"DI status Check,U16,1,0,",,
71,1,129,Water Immersion Action,,"DI status Check,U16,1,0,",,
72,1,130,Fire Action,,"DI status Check,U16,1,0,",,
73,1,131,Emergency Stop Action,,"DI status CheckU16,1,0,",,
74,2,1,Cell UV Alarm,"Min Voltage ID,U16,1,0,","Min Voltage,U16,0.0001,0,V","Voltage Threshold,U16,0.0001,0,V",
75,2,2,Cell UV Fault,"Min Voltage ID,U16,1,0,","Min Voltage,U16,0.0001,0,V","Voltage Threshold,U16,0.0001,0,V",
76,2,3,Cell OV Alarm,"Max Voltage ID,U16,1,0,","Max Voltage,U16,0.0001,0,V","Voltage Threshold,U16,0.0001,0,V",
77,2,4,Cell OV Fault,"Max Voltage ID,U16,1,0,","Max Voltage,U16,0.0001,0,V","Voltage Threshold,U16,0.0001,0,V",
78,2,5,Cell DIff Alarm (Reserved),,,,
79,2,6,Cell DIff Fault (Reserved),,,,
80,2,7,Cell Voltage Wire-Open Alarm,"Wire-Open BMU ID,U16,1,0,",,"Voltage Wire-Open status,BIN,1,0,",
81,2,8,Cell Fault Reversion ,,"Cell Max Voltage,U16,0.0001,0,V","Min Voltage,U16,0.0001,0,V",
82,2,9,Module OT Alarm ,"Max Temperature ID,U16,1,0,","Max Temperature,I16,0.1,0,℃","Temperature Threshold,I16,0.1,0,℃",
83,2,10,Module OT Fault ,"Max Temperature ID,U16,1,0,","Max Temperature,I16,0.1,0,℃","Temperature Threshold,I16,0.1,0,℃",
84,2,11,Module UT Alarm ,"Min Temperature ID,U16,1,0,","Min Temperature,I16,0.1,0,℃","Temperature Threshold,I16,0.1,0,℃",
85,2,12,Module UT Fault ,"Min Temperature ID,U16,1,0,","Min Temperature,I16,0.1,0,℃","Temperature Threshold,I16,0.1,0,℃",
86,2,13,Module Temperature Diff Alarm (Reserved),,,,
87,2,14,Module Temperature Diff Fault (Reserved),,,,
88,2,15,Module Temperature Rise Alarm (Reserved),,,,
89,2,16,Module Temperature Rise Fault (Reserved),,,,
90,2,17,Module Temperature Wire-Open Alarm,"Wire-Open BMU,U16,1,0,",,"Temperature Wire-Open status,BIN,1,0,",
91,2,18,Module Temperature Reversion,,"Module Max,I16,0.1,0,℃","Min Temperature,I16,0.1,0,℃",
92,2,19,Pole OT Alarm,"Max Pole Temperature ID,U16,1,0,","Max Pole Temperature,I16,0.1,0,℃","Temperature Threshold,I16,0.1,0,℃",
93,2,20,Pole OT Fault,"Max Pole Temperature ID,U16,1,0,","Max Pole Temperature,I16,0.1,0,℃","Temperature Threshold,I16,0.1,0,℃",
94,2,21,Pole Fault Reversion,,"Pole Max Temperature,I16,0.1,0,℃","Temperature Threshold,I16,0.1,0,℃",
95,2,22,OC Alarm,,"Current,I16,0.1,0,A","Current Threshold,I16,0.1,0,A",
96,2,23,OC Fault,,"Current,I16,0.1,0,A","Current Threshold,I16,0.1,0,A",
97,2,24,OC Reversion,,"Current,I16,0.1,0,A","Current Threshold,I16,0.1,0,A",
98,2,25,Short-Circuit Fault,,"Current,I16,0.1,0,A","Current Threshold,I16,0.1,0,A",
99,2,26,String OV Alarm,,"String Voltage,U16,0.1,0,V","String Voltage Threshold,U16,0.1,0,V",
100,2,27,String OV Fault,,"String Voltage,U16,0.1,0,V","String Voltage Threshold,U16,0.1,0,V",
101,2,28,String UV Alarm,,"String Voltage,U16,0.1,0,V","String Voltage Threshold,U16,0.1,0,V",
102,2,29,String UV Fault,,"String Voltage,U16,0.1,0,V","String Voltage Threshold,U16,0.1,0,V",
103,2,30,String Fault Reversion,,"String Voltage,U16,0.1,0,V","String Voltage Threshold,U16,0.1,0,V",
104,2,31,String INS Fault,,"INS RES,U16,0.1,0,kΩ","INS RES Threshold,U16,0.1,0,kΩ",
105,2,32,String INS Fault Reversion,,"INS RES,U16,0.1,0,kΩ","INS RES Threshold,U16,0.1,0,kΩ",
106,2,33,String leakage Current Fault,,"leakage Current,I16,0.1,0,mA","leakage Current Threshold,I16,0.1,0,mA",
107,2,34,String leakage Current Fault Reversion,,"leakage Current,I16,0.1,0,mA","leakage Current Threshold,I16,0.1,0,mA",
108,2,35,Begin CHG,"Last-Time System status,MAP","String Current,I16,0.1,0,A","CHG/DSG Current Detect Threshold,I16,0.1,0,A","{""evt_id"":{""2"":"" DSG "",""4"":""Stop""}}"
109,2,36,Stop CHG,"Last-Time System status,MAP","String Current,I16,0.1,0,A",,{evt_id:{1: CHG }}
110,2,37,Begin DSG,"Last-Time System status,MAP","String Current,I16,0.1,0,A","CHG/DSG Current Detect Threshold,I16,0.1,0,A","{""evt_id"":{""1"":"" CHG "",""4"":""Stop""}}"
111,2,38,Stop DSG,"Last-Time System status,MAP","String Current,I16,0.1,0,A",,{evt_id:{2: DSG }}
112,2,39,Battery Fully-CHG,"Max Voltage ID,U16,1,0,","String Voltage,U16,0.1,0,V","Max Cell Voltage,U16,0.0001,0,V",
113,2,40,Battery Empty-DSG,"Min Voltage ID,U16,1,0,","String Voltage,U16,0.1,0,V","Min Cell Voltage,U16,0.0001,0,V",
114,2,41,Balance Start (Reserved),,,,
115,2,42,Balance Stop (Reserved),,,,
116,2,43,QF Switch Off,"coil ID,U16,1,0,",,"QF Relay status,MAP","{""evt_threshold"":{""0"":""Off"",""1"":""On""}}"
117,2,44,KM+ Switch Off,"coil ID,U16,1,0,",,"KM+ Relay status,MAP","{""evt_threshold"":{""0"":""Off"",""1"":""On""}}"
118,2,45,KM- Switch Off,"coil ID,U16,1,0,",,"KM- Relay status,MAP","{""evt_threshold"":{""0"":""Off"",""1"":""On""}}"
119,2,46,KM+ Switch On,"coil ID,U16,1,0,",,"KM+ Relay status,MAP","{""evt_threshold"":{""0"":""Off"",""1"":""On""}}"
120,2,47,KM- Switch On,"coil ID,U16,1,0,",,"KM- Relay status,MAP","{""evt_threshold"":{""0"":""Off"",""1"":""On""}}"
121,2,48,Fan Turn On,Fan Relay status ,"Max Battery Temperature,I16,0.1,0,℃","Environmental Control Temperature Threshold,I16,0.1,0,℃",
122,2,49,Fan Turn Off,Fan Relay status ,"Max Battery Temperature,I16,0.1,0,℃","Environmental Control Temperature Threshold,I16,0.1,0,℃",
123,2,50,BMS Start,"Start Register,U16,1,0,",,,
124,2,51,Configuration Change,"Configuration Para ID,MAP,1,5358,","Configuration Before Changed,U16,1,0,","Configuration After Changed,U16,1,0,","{""evt_id"":{""5358"":""Precharge  Stop Time"",""5359"":""Precharge  Stop Current "",""5360"":""Reserved Sensor Range"",""5361"":""String Battery Rated capacity"",""5362"":""Min Detection Current"",""5363"":""String Battery Fully-CHG Hysteresis"",""5364"":""String Battery Empty-DSG Hysteresis"",""5365"":""Environmental Control Temperature Hysteresis"",""5366"":""Temp Ambient Upper Limit"",""5367"":""Temp Ambient Lower Limit"",""5368"":""String Battery SOC Upper Limit"",""5369"":""String Battery SOC Lower Limit"",""5370"":""String Pole OT Alarm "",""5371"":""String Pole OT Fault"",""5372"":""String Battery INS RES Alarm"",""5373"":""String Battery leakage Current Alarm"",""5374"":""Cell DIff Alarm"",""5375"":""Cell DIff Fault"",""5376"":""Cell OV Alarm"",""5377"":""Cell OV Falut"",""5378"":""Cell UV Alarm"",""5379"":""Cell UV Fault"",""5380"":""Cell OT Alarm"",""5381"":""Cell OT Fault"",""5382"":""Cell UT Alarm"",""5383"":""Cell UT Fault"",""5384"":""Cell Temperature Diff Alarm "",""5385"":""Cell Temperature Diff Fault"",""5386"":""Cell Temperature Rise Alarm "",""5387"":""Cell Temperature Rise Fault"",""5388"":""PackPole OT Alarm"",""5389"":""PackPole OT Fault"",""5390"":""CHG/DSG OC Alarm"",""5391"":""CHG/DSG OC Fault"",""5392"":""Short-Circuit Current Fault"",""5393"":""String OV Alarm"",""5394"":""String OV Fault"",""5395"":""String UV Alarm"",""5396"":""String UV Fault"",""5397"":""String Battery INS RES Fault"",""5398"":""String Battery leakage Current Fault"",""5399"":""Alarm Delay"",""5400"":""Protection Delay"",""5401"":""String Battery Capacity"",""5402"":""String Battery Calibrated Capacity"",""5403"":""String Battery Remain Power"",""5404"":""CHG/DSG Rated Current "",""5405"":""Current Sensor Range"",""5406"":""leakage Current Sensor Range"",""5407"":""Voltage Sensor Range"",""5408"":""Battery Balance Mode"",""5409"":""Balance Config/Threshold"",""5410"":""Balance Start Voltage Diff"",""5411"":""Num of String Packs"",""5412"":""Num of BMU Cell Volt"",""5413"":""Num of BMU Cell Temperature "",""5414"":""Num of BMU Pole Temperature"",""5415"":""nBC Alarm Masking Bits"",""5416"":""nBC Fault Masking Bits"",""5417"":""CMU Function Enable Bits 1 "",""5418"":""IP Addr Lower Byte"",""5419"":""IP Addr Higher Byte "",""5420"":""NTP Server Addr Lower Byte"",""5421"":""NTP Server Addr Higher Byte"",""5422"":""Data Masking Bits 1"",""5423"":""Data Masking Bit 2"",""5424"":""Data Masking Bits 3"",""5425"":""Data Masking Bits 4"",""5426"":""System Fault Masking Bits 1"",""5427"":""System Fault Masking Bits 2"",""5428"":""System Alarm  Masking Bits 1"",""5429"":""System Alarm  Masking Bits 2"",""5430"":""CMU Function Enable Bits 2"",""5431"":""Fully-CHG/Empty-DSG String Voltage Hysteresis"",""5432"":""Cell Voltage Data Masking Bits"",""5433"":""Temperature Data Masking Bits""}}"
125,2,52,CMU Upgrade Verify Failed,,,,
126,2,53,CMU Upgrade Successed,,,,
127,2,54,CMU Upgrade Download Failed,,,,
128,2,55,BMU Fault,"Fault BMU ID,U16,1,0,",,"Fault status,BIN,1,0,",
129,2,56,Remote IO Control(Modbus),",MAP","Remote IP,U16,1,0,",",MAP","{""evt_id"":{""0"":""KM+"",""1"":""KM-"",""2"":""KMR"",""3"":""QF"",""4"":""Integrated Cmd""},""evt_threshold"":{""43605"":"" Switch On "",""21930"":"" Switch Off ""}}"
130,2,57,External Hardware QF Tripping Action,,,,
131,2,58,System AC Power Down,,,,
132,2,59,BMU Fault Reversion,"Reversion BMU ID,U16,1,0,",,,
133,2,60,Precharge Failed,,"Current ,I16,0.1,0,A","Precharge Current Limit Value,I16,0.1,0,A",
134,2,61,Cell Voltage Wire-Open Reversion,"Reversion BMU ID,U16,1,0,",,,
135,2,62,Temperature Wire-Open Reversion,"Reversion BMU ID,U16,1,0,",,,
136,2,63,String Pole OT Protection,"Max Pole Temperature ID,U16,1,0,","Max Pole Temperature,I16,0.1,0,℃","Temperature Threshold,I16,0.1,0,℃",
137,2,64,String Pole OT Alarm,"Max Pole Temperature ID,U16,1,0,","Max Pole Temperature,I16,0.1,0,℃","Temperature Threshold,I16,0.1,0,℃",
138,2,65,String Pole Wire-Open Alarm,,,"Temperature Wire-Open status,BIN,1,0,",
139,2,66,String Pole Fault Reversion,,"Max Pole Temperature,I16,0.1,0,℃","Temperature Threshold,I16,0.1,0,℃",
140,2,67,Reserved,,,,
141,2,68,KM Fault (Non-Act),"DI status,U16,1,0,",,"DO status,U16,1,0,",
142,2,69,KMR Action,"coil ID,U16,1,0,",,"KMR Relay  status,MAP","{""evt_threshold"":{""0"":""Off"",""1"":""On""}}"
143,2,70,UV Self-Proteced,"Min Cell Voltage ID,U16,1,0,","Min Cell Voltage,U16,0.0001,0,V","Self-Proteced Threshold,U16,0.0001,0,V",
144,2,71,QF status Change,"Status Before Changed,MAP",,"Status After Changed,MAP","{""evt_id"":{""0"":""Off"",""1"":""On""},""evt_threshold"":{""0"":""Off"",""1"":""On""}}"
145,2,72,KM+ status Change,"Status Before Changed,MAP",,"Status After Changed,MAP","{""evt_id"":{""0"":""Off"",""1"":""On""},""evt_threshold"":{""0"":""Off"",""1"":""On""}}"
146,2,73,KM- status Change,"Status Before Changed,MAP",,"Status After Changed,MAP","{""evt_id"":{""0"":""Off"",""1"":""On""},""evt_threshold"":{""0"":""Off"",""1"":""On""}}"
147,2,74,KMR status Change,"Status Before Changed,MAP",,"Status After Changed,MAP","{""evt_id"":{""0"":""Off"",""1"":""On""},""evt_threshold"":{""0"":""Off"",""1"":""On""}}"
148,2,128,Smoke Sensor Action,,,"DI status Check,BIN,1,0,",
149,2,129,Water Immersion Action,,,"DI status Check,BIN,1,0,",
150,2,130,Fire Action,,,"DI status Check,BIN,1,0,",
151,2,131,Emergency Stop Action,,,"DI status Check,BIN,1,0,",
152,2,75,Balance Fault,"BMU ID,U16,1,0,","Fault status,U16,1,0,","Fault status,U16,1,0,",
153,2,76,EEPROM Error,,,,
154,2,77,Parameters Reset To Default,,,,
155,2,78,INS Fault BUS Voltage,,"PE-B+ Voltage,U16,0.1,0,V","PE-B- Voltage,U16,0.1,0,V",
156,2,79,Reserved Current SensorWire-Open,,,"Two Current Sensor Difference,U16,1,0,A",
157,2,80,RTC Read Failed,,,,
158,2,81,System Para Read Failed,"Type,MAP",,,"{""evt_id"":{""1"":""Initial"",""2"":""Power"",""3"":""Calibration"",""4"":""SOC Table""}}"
159,2,82,BMU DIP-Switch Error ,"Error Code,U16,1,0,",,"BMU ID,U16,1,0,",
160,2,83,MODBUS Data Error ,"Cmd,U16,1,0,","Addr,U16,1,0,","Len,U16,1,0,",
161,2,84,BMU Upgrade ,,,"Result,MAP","{""evt_threshold"":{""0"":""Successed "",""1"":""Failed ""}}"
162,2,85,INS Upgrade ,,"Result,MAP",,"{""evt_dt"":{""0"":""Failed "",""1"":""Successed ""}}"
163,2,86,Load Fault Wave Record,,,"Error Code,U16,1,0,",
164,2,87,CHG SOC Abnormal,,"Remain Power,U16,0.1,0,kWh","After Calibration Rated Capacity,U16,0.1,0,kWh",
165,2,88,Balance Compensate Begin,"Voltage,U16,0.0001,0,V","Target Voltage,U16,0.0001,0,V",,
166,2,89,Balance Compensate Stop,"Voltage,U16,0.0001,0,V","Target Voltage,U16,0.0001,0,V",,
167,3,1,Cell UV Alarm,"Min Voltage ID,U16,1,0,","Min Voltage,U16,0.0001,0,V","Voltage Threshold,U16,0.0001,0,V",
168,3,2,Cell UV Fault,"Min Voltage ID,U16,1,0,","Min Voltage,U16,0.0001,0,V","Voltage Threshold,U16,0.0001,0,V",
169,3,3,Cell OV Alarm,"Max Voltage ID,U16,1,0,","Max Voltage,U16,0.0001,0,V","Voltage Threshold,U16,0.0001,0,V",
170,3,4,Cell OV Fault,"Max Voltage ID,U16,1,0,","Max Voltage,U16,0.0001,0,V","Voltage Threshold,U16,0.0001,0,V",
171,3,5,Cell Voltage Diff Alarm (Reserved),,,,
172,3,6,Cell Voltage Diff Fault (Reserved),,,,
173,3,7,Cell Voltage Wire-Open Alarm,"Wire-Open BMU ID,U16,1,0,",,"Voltage Wire-Open status,BIN,1,0,",
174,3,8,Cell Fault Reversion,,"Cell Max Voltage,U16,0.0001,0,V","Min Voltage,U16,0.0001,0,V",
175,3,9,Module OT Alarm,"Max Temperature ID,U16,1,0,","Max Temperature,I16,0.1,0,℃","Temperature Threshold,I16,0.1,0,℃",
176,3,10,Module OT Fault,"Max Temperature ID,U16,1,0,","Max Temperature,I16,0.1,0,℃","Temperature Threshold,I16,0.1,0,℃",
177,3,11,Module UT Alarm,"Min Temperature ID,U16,1,0,","Min Temperature,I16,0.1,0,℃","Temperature Threshold,I16,0.1,0,℃",
178,3,12,Module UT Fault,"Min Temperature ID,U16,1,0,","Min Temperature,I16,0.1,0,℃","Temperature Threshold,I16,0.1,0,℃",
179,3,13,Module Temperature Diff Alarm (Reserved),,,,
180,3,14,Module Temperature Diff Fault (Reserved),,,,
181,3,15,Module Temperature Rise Alarm (Reserved),,,,
182,3,16,Module Temperature Rise Fault (Reserved),,,,
183,3,17,Module Temperature Wire-Open Alarm,"Wire-Open BMU,U16,1,0,",,"Temperature Wire-Open status,BIN,1,0,",
184,3,18,Module Temperature Reversion,,"Module Max,I16,0.1,0,℃","Min Temperature,I16,0.1,0,℃",
185,3,19,Pole OT Alarm,"Max Pole Temperature ID,U16,1,0,","Max Pole Temperature,I16,0.1,0,℃","Temperature Threshold,I16,0.1,0,℃",
186,3,20,Pole OT Fault,"Max Pole Temperature ID,U16,1,0,","Max Pole Temperature,I16,0.1,0,℃","Temperature Threshold,I16,0.1,0,℃",
187,3,21,Pole Fault Reversion,,"Pole Max Temperature,I16,0.1,0,℃","Temperature Threshold,I16,0.1,0,℃",
188,3,22,OC Alarm,,"Current,I16,0.1,0,A","Current Threshold,I16,0.1,0,A",
189,3,23,OC Fault,,"Current,I16,0.1,0,A","Current Threshold,I16,0.1,0,A",
190,3,24,OC Reversion,,"Current,I16,0.1,0,A","Current Threshold,I16,0.1,0,A",
191,3,25,Short-Circuit Fault,,"Current,I16,0.1,0,A","Current Threshold,I16,0.1,0,A",
192,3,26,String OV Alarm,,"String Voltage,U16,0.1,0,V","String Voltage Threshold,U16,0.1,0,V",
193,3,27,String OV Fault,,"String Voltage,U16,0.1,0,V","String Voltage Threshold,U16,0.1,0,V",
194,3,28,String UV Alarm,,"String Voltage,U16,0.1,0,V","String Voltage Threshold,U16,0.1,0,V",
195,3,29,String UV Fault,,"String Voltage,U16,0.1,0,V","String Voltage Threshold,U16,0.1,0,V",
196,3,30,String Fault Reversion,,"String Voltage,U16,0.1,0,V","String Voltage Threshold,U16,0.1,0,V",
197,3,31,String INS Fault,,"INS RES,U16,0.1,0,kΩ","INS RES Threshold,U16,0.1,0,kΩ",
198,3,32,String INS Fault Reversion,,"INS RES,U16,0.1,0,kΩ","INS RES Threshold,U16,0.1,0,kΩ",
199,3,33,String leakage Current Fault,,"leakage Current,I16,0.1,0,mA","leakage Current Threshold,I16,0.1,0,mA",
200,3,34,String leakage Current Fault Reversion,,"leakage Current,I16,0.1,0,mA","leakage Current Threshold,I16,0.1,0,mA",
201,3,35,Begin CHG,"Last-Time System status,MAP","String Current,I16,0.1,0,A","CHG/DSG Current Detect Threshold,I16,0.1,0,A","{""evt_id"":{""2"":"" DSG "",""4"":""Stop""}}"
202,3,36,Stop CHG,"Last-Time System status,MAP","String Current,I16,0.1,0,A",,{evt_id:{1: CHG }}
203,3,37,Begin DSG,"Last-Time System status,MAP","String Current,I16,0.1,0,A","CHG/DSG Current Detect Threshold,I16,0.1,0,A","{""evt_id"":{""1"":"" CHG "",""4"":""Stop""}}"
204,3,38,Stop DSG,"Last-Time System status,MAP","String Current,I16,0.1,0,A",,{evt_id:{2: DSG }}
205,3,39,Battery Fully-CHG,"Max Voltage ID,U16,1,0,","String Voltage,U16,0.1,0,V","Max Cell Voltage,U16,0.0001,0,V",
206,3,40,Battery Empty-DSG,"Min Voltage ID,U16,1,0,","String Voltage,U16,0.1,0,V","Min Cell Voltage,U16,0.0001,0,V",
207,3,41,Balance Start (Reserved),,,,
208,3,42,Balance Stop (Reserved),,,,
209,3,43,QF Switch Off,"coil ID,U16,1,0,",,"QF Relay status,MAP","{""evt_threshold"":{""0"":""Off"",""1"":""On""}}"
210,3,44,KM+ Switch Off,"coil ID,U16,1,0,",,"KM+ Relay status,MAP","{""evt_threshold"":{""0"":""Off"",""1"":""On""}}"
211,3,45,KM- Switch Off,"coil ID,U16,1,0,",,"KM- Relay status,MAP","{""evt_threshold"":{""0"":""Off"",""1"":""On""}}"
212,3,46,KM+ Switch On,"coil ID,U16,1,0,",,"KM+ Relay status,MAP","{""evt_threshold"":{""0"":""Off"",""1"":""On""}}"
213,3,47,KM- Switch On,"coil ID,U16,1,0,",,"KM- Relay status,MAP","{""evt_threshold"":{""0"":""Off"",""1"":""On""}}"
214,3,48,Fan Turn On,Fan Relay status ,"Max Battery Temperature,I16,0.1,0,℃","Environmental Control Temperature Threshold,I16,0.1,0,℃",
215,3,49,Fan Turn Off,Fan Relay status ,"Max Battery Temperature,I16,0.1,0,℃","Environmental Control Temperature Threshold,I16,0.1,0,℃",
216,3,50,BMS Start ,"Start Register,U16,1,0,",,,
217,3,51,Configuration Change,"Configuration Para,MAP,1,5358,","Configuration Before Changed,U16,1,0,","Configuration After Changed,U16,1,0,","{""evt_id"":{""5358"":""Precharge  Stop Time"",""5359"":""Precharge  Stop Current"",""5360"":""Reserved Sensor Range"",""5361"":""String Battery Rated Capacity"",""5362"":""CHG/DSG Current Min Detection Current"",""5363"":""String Battery Fully-CHG Hysteresis"",""5364"":""String Battery Empty-DSG Hysteresis"",""5365"":""Environmental Control Temperature Hysteresis"",""5366"":""Temp Ambient Upper Limit"",""5367"":""Temp Ambient Lower Limit"",""5368"":""String Battery SOC Upper Limit"",""5369"":""String Battery SOC Lower Limit"",""5370"":""String Pole OT Alarm "",""5371"":""String Pole OT Fault"",""5372"":""String Battery INS RES Alarm"",""5373"":""String Battery leakage Current Alarm"",""5374"":""Cell DIff Alarm"",""5375"":""Cell DIff Fault"",""5376"":""Cell OV Alarm "",""5377"":""Cell OV Fault"",""5378"":""Cell UV Alarm"",""5379"":""Cell UV Fault"",""5380"":""Cell OV Alarm"",""5381"":""Cell UV Fault"",""5382"":""Cell UV Alarm"",""5383"":""Cell UV Fault"",""5384"":""Cell Temperature Diff Alarm"",""5385"":""Cell Temperature Diff Fault"",""5386"":""Cell Temperature Rise Alarm"",""5387"":""Cell Temperature Rise Fault"",""5388"":""PackPole OT Alarm"",""5389"":""PackPole OT Fault"",""5390"":""CHG/DSG OC Alarm"",""5391"":""""CHG/DSG OC Fault"",""5392"":""Short-Circuit Current Fault"",""5393"":""String OV Alarm"",""5394"":""String OV Fault"",""5395"":""String UV Alarm"",""5396"":""String UV Fault"",""5397"":""String Battery INS RES Fault"",""5398"":""String Battery leakage Current Fault"",""5399"":""Alarm Delay"",""5400"":""Fault Delay"",""5401"":""String Battery Capacity"",""5402"":""String Battery Calibration Rated Capacity"",""5403"":""String Battery Remain Power"",""5404"":""CHG/ DSG Rated Current "",""5405"":""Current Sensor Range"",""5406"":""leakage Current Sensor Range"",""5407"":""Voltage Sensor Range"",""5408"":""Battery Balance Mode"",""5409"":""Balance Config/Threshold"",""5410"":""Balance Target Voltage "",""5411"":""Num of String Packs"",""5412"":""Num of Pack Cell Voltage"",""5413"":""Num of Pack Cell Temperature"",""5414"":""Num of Pack Pole Temperature"",""5415"":""nBC Alarm Masking Bits"",""5416"":""nBCFault Masking Bits"",""5417"":""CMU Function Enable Bits 1"",""5418"":""IP Addr Lower Bytes"",""5419"":""IP Addr Higher Bytes "",""5420"":""NTP Server Addr Lower Byte"",""5421"":""NTP Server Addr Higher Bytes"",""5422"":""Data Masking Bits 1"",""5423"":""Data Masking Bits 2"",""5424"":""Data Masking Bits 3"",""5425"":""Data Masking Bits 4"",""5426"":""System Fault Masking Register 1"",""5427"":""System Fault Masking Register 2"",""5428"":""System Alarm Masking Register 1"",""5429"":""System Alarm Masking Register 2"",""5430"":""CMU Function Enable Bits 2"",""5431"":""Fully-CHGEmpty-DSGString Voltage Hysteresis"",""5432"":""Cell Voltage Data Masking Bits"",""5433"":""Temperature Data Masking Bits"",""5434"":""Balance Start Voltage Diff""}}"
218,3,52,CMU Upgrade Verify Failed ,,,,
219,3,53,CMU Upgrade Successed ,,,,
220,3,54,CMU Upgrade Download Failed ,,,,
221,3,55,BMU Fault ,"Fault BMU ID,U16,1,0,",,"Fault status,BIN,1,0,",
222,3,56,Remote IO Control(Modbus),",MAP","Remote IP,U16,1,0,",",MAP","{""evt_id"":{""0"":""KM+"",""1"":""KM-"",""2"":""KMR"",""3"":""QF"",""4"":""Integrated Cmd""},""evt_threshold"":{""43605"":"" Switch On "",""21930"":"" Switch Off ""}}"
223,3,57,External Hardware QF Tripping Action,,,,
224,3,58,System AC Power Down,,,,
225,3,59,BMU Fault Reversion,"Reversion BMU ID,U16,1,0,",,,
226,3,60,Precharge Failed,,"Current,I16,0.1,0,A","Precharge Current Limit Value,I16,0.1,0,A",
227,3,61,Cell Voltage Wire-Open Reversion,"Reversion BMU ID,U16,1,0,",,,
228,3,62,Temperature Wire-Open Reversion,"Reversion BMU ID,U16,1,0,",,,
229,3,63,String Pole OT Protection,"Max Pole Temperature ID,U16,1,0,","Max Pole Temperature,I16,0.1,0,℃","Temperature Threshold,I16,0.1,0,℃",
230,3,64,String Pole OT Alarm,"Max Pole Temperature ID,U16,1,0,","Max Pole Temperature,I16,0.1,0,℃","Temperature Threshold,I16,0.1,0,℃",
231,3,65,String Pole Wire-Open Alarm,,,"Temperature Wire-Open status,BIN,1,0,",
232,3,66,String Pole Fault Reversion,,"Max Pole Temperature,I16,0.1,0,℃","Temperature Threshold,I16,0.1,0,℃",
233,3,67,Reserved,,,,
234,3,68,KMFault (Non-Act),"DI status,U16,1,0,",,"DO status,U16,1,0,",
235,3,69,KMRAction,"coil ID,U16,1,0,",,"KMR Relay  status,MAP","{""evt_threshold"":{""0"":""Off"",""1"":""On""}}"
236,3,70,UV Self-Proteced,"Min Cell Voltage ID,U16,1,0,","Min Cell Voltage,U16,0.0001,0,V","Self-Proteced Threshold,U16,0.0001,0,V",
237,3,71,QF status Change,"Status Before Changed,MAP",,"Status After Changed,MAP","{""evt_id"":{""0"":""Off"",""1"":""On""},""evt_threshold"":{""0"":""Off"",""1"":""On""}}"
238,3,72,KM+ status Change,"Status Before Changed,MAP",,"Status After Changed,MAP","{""evt_id"":{""0"":""Off"",""1"":""On""},""evt_threshold"":{""0"":""Off"",""1"":""On""}}"
239,3,73,KM- status Change,"Status Before Changed,MAP",,"Status After Changed,MAP","{""evt_id"":{""0"":""Off"",""1"":""On""},""evt_threshold"":{""0"":""Off"",""1"":""On""}}"
240,3,74,KMR status Change,"Status Before Changed,MAP",,"Status After Changed,MAP","{""evt_id"":{""0"":""Off"",""1"":""On""},""evt_threshold"":{""0"":""Off"",""1"":""On""}}"
241,3,128,Smoke Sensor Action,,,"DI status Check,BIN,1,0,",
242,3,129,Water Immersion Action,,,"DI status Check,BIN,1,0,",
243,3,130,Fire Action,,,"DI status Check,BIN,1,0,",
244,3,131,Emergency Stop Action,,,"DI status Check,BIN,1,0,",
245,3,75,Balance Fault,"BMU ID号,U16,1,0,","Fault status,U16,1,0,","Fault status,U16,1,0,",
246,3,76,EEPROM Error,,,,
247,3,77,Parameters Reset To Default,,,,
248,3,78,INS Fault BUS Voltage,,"BUS PE-B+ Voltage,U16,0.1,0,V","BUS PE-B- Voltage,U16,0.1,0,V",
249,3,79,ReservedCurrent SensorWire-Open,,"Two Current Sensor Difference,U16,1,0,A","Current Sensor Difference,U16,1,0,A",
250,3,80,RTC Read Failed,,,,
251,3,81,System Para Read Failed,"Type,MAP",,,"{""evt_id"":{""1"":""Initial"",""2"":""Power"",""3"":""Calibration"",""4"":""SOC Table""}}"
252,3,82,BMU DIP-Switch Error ,"Error Code,U16,1,0,",,"BMU ID,U16,1,0,",
253,3,83,MODBUS data Error ,"命令,U16,1,0,","Addr,U16,1,0,","Len,U16,1,0,",
254,3,84,BMU Upgrade ,,,"Result,MAP","{""evt_threshold"":{""0"":""Successed "",""1"":""Failed ""}}"
255,3,85,INS Upgrade ,," Result After Upgrade,U16,1,0,",,
256,3,86,Load Fault Wave Record,,,"Error Code,U16,1,0,",
257,3,87,CHG SOC Abnormal,,"Remain Power,U16,0.1,0,kWh","Rated Capcity After Calibration,U16,0.1,0,kWh",
258,3,89,OV Self-Proteced Breaker Off,"Max Voltage ID,U16,1,0,","Max Voltage,U16,0.0001,0,V",,
259,3,90,Temperature Jump,"Temperature ID,U16,1,0,","Before Jump Temperature,I16,0.1,0,℃","After Jump Temperature,U16,0.1,0,℃",
